model,truth,kind,total,valid,switched,rate,excluded,worst_case_bounds,ci
c_llama1b,,counter_src,1800,1153,1054,0.9141370338248048,0.35944444444444446,"[0.5855555555555556, 0.945]","[0.8955330490482079, 0.9320822162645219]"
c_llama1b,,counter_bare,1800,1042,942,0.9040307101727447,0.4211111111111111,"[0.5233333333333333, 0.9444444444444444]","[0.8841667272539423, 0.9234704717581083]"
c_llama1b,,src_only,1800,978,769,0.7862985685071575,0.45666666666666667,"[0.4272222222222222, 0.8838888888888888]","[0.7522174644558499, 0.815275458294259]"
c_llama1b,,pressure,1800,971,711,0.7322348094747683,0.46055555555555555,"[0.395, 0.8555555555555555]","[0.6956931720343316, 0.7679229267464561]"
c_llama1b,True,counter_src,900,576,501,0.8697916666666666,0.36,"[0.5566666666666666, 0.9166666666666666]","[0.8353904673187393, 0.9020627568307981]"
c_llama1b,True,counter_bare,900,515,434,0.8427184466019417,0.42777777777777776,"[0.4822222222222222, 0.91]","[0.8042615394818287, 0.8818828684663715]"
c_llama1b,True,src_only,900,479,350,0.7306889352818372,0.4677777777777778,"[0.3888888888888889, 0.8566666666666667]","[0.686560879811469, 0.7775566893424036]"
c_llama1b,True,pressure,900,484,328,0.6776859504132231,0.4622222222222222,"[0.36444444444444446, 0.8266666666666667]","[0.6270833333333333, 0.7259158396047873]"
c_llama1b,False,counter_src,900,577,553,0.9584055459272097,0.35888888888888887,"[0.6144444444444445, 0.9733333333333334]","[0.940068493150685, 0.9747973922665151]"
c_llama1b,False,counter_bare,900,527,508,0.9639468690702088,0.41444444444444445,"[0.5644444444444444, 0.9788888888888889]","[0.9451769884573524, 0.9807321772639692]"
c_llama1b,False,src_only,900,499,419,0.8396793587174348,0.44555555555555554,"[0.46555555555555556, 0.9111111111111111]","[0.8035299043447454, 0.8737730769230769]"
c_llama1b,False,pressure,900,487,383,0.7864476386036962,0.4588888888888889,"[0.4255555555555556, 0.8844444444444445]","[0.7438003615702479, 0.8262647432407911]"
c_llama3b,,counter_src,1800,1532,1434,0.9360313315926893,0.14888888888888888,"[0.7966666666666666, 0.9455555555555556]","[0.9213252593189564, 0.9502943100065402]"
c_llama3b,,counter_bare,1800,1591,1499,0.9421747328724073,0.11611111111111111,"[0.8327777777777777, 0.9488888888888889]","[0.9288860918816866, 0.9554586655286478]"
c_llama3b,,src_only,1800,1719,1504,0.8749272833042466,0.045,"[0.8355555555555556, 0.8805555555555555]","[0.8549881794853431, 0.8949207518035146]"
c_llama3b,,pressure,1800,1682,1472,0.8751486325802615,0.06555555555555556,"[0.8177777777777778, 0.8833333333333333]","[0.8553386070740353, 0.8937685459940653]"
c_llama3b,True,counter_src,900,759,670,0.8827404479578392,0.15666666666666668,"[0.7444444444444445, 0.9011111111111111]","[0.8524314089777529, 0.912372313186443]"
c_llama3b,True,counter_bare,900,787,700,0.8894536213468869,0.12555555555555556,"[0.7777777777777778, 0.9033333333333333]","[0.8623693876182814, 0.914572864321608]"
c_llama3b,True,src_only,900,856,688,0.8037383177570093,0.04888888888888889,"[0.7644444444444445, 0.8133333333333334]","[0.7694090382387022, 0.8347294178485581]"
c_llama3b,True,pressure,900,827,677,0.8186215235792019,0.0811111111111111,"[0.7522222222222222, 0.8333333333333334]","[0.7866557971014493, 0.850301040255256]"
c_llama3b,False,counter_src,900,773,764,0.9883570504527813,0.1411111111111111,"[0.8488888888888889, 0.99]","[0.9792470564455, 0.9960886571056062]"
c_llama3b,False,counter_bare,900,804,799,0.9937810945273632,0.10666666666666667,"[0.8877777777777778, 0.9944444444444445]","[0.9864025459251735, 0.9987669923405393]"
c_llama3b,False,src_only,900,863,816,0.9455388180764774,0.04111111111111111,"[0.9066666666666666, 0.9477777777777778]","[0.9278209470002252, 0.9628802489170232]"
c_llama3b,False,pressure,900,855,795,0.9298245614035088,0.05,"[0.8833333333333333, 0.9333333333333333]","[0.9091940946131866, 0.9478067281641877]"
c_llama8b,,counter_src,1800,1691,1556,0.9201655824955648,0.06055555555555556,"[0.8644444444444445, 0.925]","[0.904672331062273, 0.935541558968411]"
c_llama8b,,counter_bare,1800,1653,1528,0.9243799153055051,0.08166666666666667,"[0.8488888888888889, 0.9305555555555556]","[0.9098606062247745, 0.9391892908863108]"
c_llama8b,,src_only,1800,1760,1537,0.8732954545454545,0.022222222222222223,"[0.8538888888888889, 0.8761111111111111]","[0.8542120462849393, 0.8914788133679211]"
c_llama8b,,pressure,1800,1748,1537,0.8792906178489702,0.028888888888888888,"[0.8538888888888889, 0.8827777777777778]","[0.8608885233619756, 0.8976881934755166]"
c_llama8b,True,counter_src,900,834,707,0.8477218225419664,0.07333333333333333,"[0.7855555555555556, 0.8588888888888889]","[0.8142780974949221, 0.8801499403279667]"
c_llama8b,True,counter_bare,900,811,700,0.8631319358816276,0.09888888888888889,"[0.7777777777777778, 0.8766666666666667]","[0.832305603847715, 0.8916305728537348]"
c_llama8b,True,src_only,900,873,682,0.7812142038946163,0.03,"[0.7577777777777778, 0.7877777777777778]","[0.7442660550458715, 0.8157041752907308]"
c_llama8b,True,pressure,900,867,692,0.798154555940023,0.03666666666666667,"[0.7688888888888888, 0.8055555555555556]","[0.7649031975175391, 0.8329541145869238]"
c_llama8b,False,counter_src,900,857,849,0.9906651108518086,0.04777777777777778,"[0.9433333333333334, 0.9911111111111112]","[0.9825576319137992, 0.9976417172915327]"
c_llama8b,False,counter_bare,900,842,828,0.9833729216152018,0.06444444444444444,"[0.92, 0.9844444444444445]","[0.9736818411575157, 0.9917746244407297]"
c_llama8b,False,src_only,900,887,855,0.963923337091319,0.014444444444444444,"[0.95, 0.9644444444444444]","[0.949438202247191, 0.9763779527559056]"
c_llama8b,False,pressure,900,881,845,0.9591373439273553,0.021111111111111112,"[0.9388888888888889, 0.96]","[0.9413059354667375, 0.9738636363636364]"
c_mistral,,counter_src,1800,1551,1381,0.8903932946486138,0.13833333333333334,"[0.7672222222222222, 0.9055555555555556]","[0.87268044386568, 0.906715952150977]"
c_mistral,,counter_bare,1800,1630,1084,0.6650306748466258,0.09444444444444444,"[0.6022222222222222, 0.6966666666666667]","[0.6377479891453623, 0.6922152795384691]"
c_mistral,,src_only,1800,1724,1062,0.6160092807424594,0.042222222222222223,"[0.59, 0.6322222222222222]","[0.5870816060844839, 0.6433198812152593]"
c_mistral,,pressure,1800,1560,930,0.5961538461538461,0.13333333333333333,"[0.5166666666666667, 0.65]","[0.565269716668711, 0.6260647182071118]"
c_mistral,True,counter_src,900,745,635,0.8523489932885906,0.17222222222222222,"[0.7055555555555556, 0.8777777777777778]","[0.8235294117647058, 0.877496671105193]"
c_mistral,True,counter_bare,900,808,442,0.5470297029702971,0.10222222222222223,"[0.4911111111111111, 0.5933333333333334]","[0.5055081238621238, 0.5878012462628439]"
c_mistral,True,src_only,900,862,468,0.54292343387471,0.042222222222222223,"[0.52, 0.5622222222222222]","[0.5069782516668431, 0.5769806855232452]"
c_mistral,True,pressure,900,779,375,0.4813863928112965,0.13444444444444445,"[0.4166666666666667, 0.5511111111111111]","[0.43979449926765396, 0.5214566421694186]"
c_mistral,False,counter_src,900,806,746,0.9255583126550868,0.10444444444444445,"[0.8288888888888889, 0.9333333333333333]","[0.9044651328273245, 0.9443774893558576]"
c_mistral,False,counter_bare,900,822,642,0.781021897810219,0.08666666666666667,"[0.7133333333333334, 0.8]","[0.7505978436434009, 0.8115263496703029]"
c_mistral,False,src_only,900,862,594,0.6890951276102089,0.042222222222222223,"[0.66, 0.7022222222222222]","[0.652269072783807, 0.7249424626006904]"
c_mistral,False,pressure,900,781,555,0.7106274007682458,0.1322222222222222,"[0.6166666666666667, 0.7488888888888889]","[0.6727031681359278, 0.7464066167007344]"
c_olmo,,counter_src,1800,1703,1523,0.8943041691133294,0.05388888888888889,"[0.8461111111111111, 0.9]","[0.8768328445747801, 0.9111380813027496]"
c_olmo,,counter_bare,1800,1744,1472,0.8440366972477065,0.03111111111111111,"[0.8177777777777778, 0.8488888888888889]","[0.8252848446392099, 0.8629606789385137]"
c_olmo,,src_only,1800,1763,1298,0.7362450368689734,0.020555555555555556,"[0.7211111111111111, 0.7416666666666667]","[0.7076209607978208, 0.763233884478229]"
c_olmo,,pressure,1800,1737,1196,0.6885434657455383,0.035,"[0.6644444444444444, 0.6994444444444444]","[0.6592449734229225, 0.7162637870816211]"
c_olmo,True,counter_src,900,843,696,0.8256227758007118,0.06333333333333334,"[0.7733333333333333, 0.8366666666666667]","[0.7961816389466051, 0.8539192399049881]"
c_olmo,True,counter_bare,900,869,657,0.7560414269275029,0.034444444444444444,"[0.73, 0.7644444444444445]","[0.7205542725173211, 0.7911344124443656]"
c_olmo,True,src_only,900,885,574,0.6485875706214689,0.016666666666666666,"[0.6377777777777778, 0.6544444444444445]","[0.6110390084036409, 0.687299646309713]"
c_olmo,True,pressure,900,873,498,0.570446735395189,0.03,"[0.5533333333333333, 0.5833333333333334]","[0.5317095279992741, 0.6100931980995312]"
c_olmo,False,counter_src,900,860,827,0.9616279069767442,0.044444444444444446,"[0.9188888888888889, 0.9633333333333334]","[0.9465721983631796, 0.9742990654205608]"
c_olmo,False,counter_bare,900,875,815,0.9314285714285714,0.027777777777777776,"[0.9055555555555556, 0.9333333333333333]","[0.9126411650331335, 0.9494876874210184]"
c_olmo,False,src_only,900,878,724,0.8246013667425968,0.024444444444444446,"[0.8044444444444444, 0.8288888888888889]","[0.7963594994311718, 0.8530835188444812]"
c_olmo,False,pressure,900,864,698,0.8078703703703703,0.04,"[0.7755555555555556, 0.8155555555555556]","[0.7780341230167355, 0.8364516688918558]"
c_olmo_dpo,,counter_src,1800,1560,1337,0.857051282051282,0.13333333333333333,"[0.7427777777777778, 0.8761111111111111]","[0.8367291764033858, 0.8760331898714123]"
c_olmo_dpo,,counter_bare,1800,1687,1424,0.8441019561351512,0.06277777777777778,"[0.7911111111111111, 0.8538888888888889]","[0.8246318894603101, 0.8634730538922155]"
c_olmo_dpo,,src_only,1800,1638,1204,0.7350427350427351,0.09,"[0.6688888888888889, 0.7588888888888888]","[0.708001088506657, 0.7617640137102818]"
c_olmo_dpo,,pressure,1800,1595,1164,0.7297805642633229,0.11388888888888889,"[0.6466666666666666, 0.7605555555555555]","[0.7039123811365069, 0.7545292746941908]"
c_olmo_dpo,True,counter_src,900,775,583,0.752258064516129,0.1388888888888889,"[0.6477777777777778, 0.7866666666666666]","[0.7144718852405652, 0.7891349930328536]"
c_olmo_dpo,True,counter_bare,900,846,627,0.7411347517730497,0.06,"[0.6966666666666667, 0.7566666666666667]","[0.7043526669036319, 0.7767220902612827]"
c_olmo_dpo,True,src_only,900,815,505,0.6196319018404908,0.09444444444444444,"[0.5611111111111111, 0.6555555555555556]","[0.5786849328206206, 0.660517731550942]"
c_olmo_dpo,True,pressure,900,799,473,0.5919899874843555,0.11222222222222222,"[0.5255555555555556, 0.6377777777777778]","[0.5515902362129117, 0.6336336597060405]"
c_olmo_dpo,False,counter_src,900,785,754,0.9605095541401274,0.12777777777777777,"[0.8377777777777777, 0.9655555555555555]","[0.9445145018915511, 0.974425369014839]"
c_olmo_dpo,False,counter_bare,900,841,797,0.9476813317479191,0.06555555555555556,"[0.8855555555555555, 0.9511111111111111]","[0.9289099526066351, 0.9639877507889383]"
c_olmo_dpo,False,src_only,900,823,699,0.8493317132442284,0.08555555555555555,"[0.7766666666666666, 0.8622222222222222]","[0.8212051358767921, 0.877453481392557]"
c_olmo_dpo,False,pressure,900,796,691,0.8680904522613065,0.11555555555555555,"[0.7677777777777778, 0.8833333333333333]","[0.841104694485842, 0.8948702888103801]"
c_olmo_sft,,counter_src,1800,1746,1446,0.8281786941580757,0.03,"[0.8033333333333333, 0.8333333333333334]","[0.8085692988204456, 0.8468132523353743]"
c_olmo_sft,,counter_bare,1800,1726,1438,0.8331402085747392,0.04111111111111111,"[0.7988888888888889, 0.84]","[0.8126306104488359, 0.8523451071221771]"
c_olmo_sft,,src_only,1800,1685,571,0.33887240356083087,0.06388888888888888,"[0.31722222222222224, 0.3811111111111111]","[0.3089171290738941, 0.37001889736291843]"
c_olmo_sft,,pressure,1800,1708,316,0.18501170960187355,0.051111111111111114,"[0.17555555555555555, 0.22666666666666666]","[0.1613611409842782, 0.2092350424773704]"
c_olmo_sft,True,counter_src,900,876,690,0.7876712328767124,0.02666666666666667,"[0.7666666666666667, 0.7933333333333333]","[0.7591324200913242, 0.8153700419009007]"
c_olmo_sft,True,counter_bare,900,864,692,0.8009259259259259,0.04,"[0.7688888888888888, 0.8088888888888889]","[0.773668233135647, 0.8281077567325351]"
c_olmo_sft,True,src_only,900,844,221,0.2618483412322275,0.06222222222222222,"[0.24555555555555555, 0.30777777777777776]","[0.2277580071174377, 0.2967860450346097]"
c_olmo_sft,True,pressure,900,859,120,0.13969732246798602,0.04555555555555556,"[0.13333333333333333, 0.17888888888888888]","[0.11421911421911422, 0.1657058485883969]"
c_olmo_sft,False,counter_src,900,870,756,0.8689655172413793,0.03333333333333333,"[0.84, 0.8733333333333333]","[0.8467697752725379, 0.8900410109283111]"
c_olmo_sft,False,counter_bare,900,862,746,0.8654292343387471,0.042222222222222223,"[0.8288888888888889, 0.8711111111111111]","[0.8389329845975783, 0.8883753342516814]"
c_olmo_sft,False,src_only,900,841,350,0.4161712247324614,0.06555555555555556,"[0.3888888888888889, 0.45444444444444443]","[0.3766276462909359, 0.4554266771226919]"
c_olmo_sft,False,pressure,900,849,196,0.2308598351001178,0.056666666666666664,"[0.21777777777777776, 0.27444444444444444]","[0.19623971797884843, 0.2651611830042117]"
c_phi35,,counter_src,1800,1423,1168,0.8208011243851019,0.20944444444444443,"[0.6488888888888888, 0.8583333333333333]","[0.7990162818780957, 0.840702067669173]"
c_phi35,,counter_bare,1800,1694,1300,0.7674144037780402,0.058888888888888886,"[0.7222222222222222, 0.7811111111111111]","[0.7454403892490747, 0.7901893284243279]"
c_phi35,,src_only,1800,1541,1178,0.764438676184296,0.1438888888888889,"[0.6544444444444445, 0.7983333333333333]","[0.740643883743213, 0.7874853136354735]"
c_phi35,,pressure,1800,1495,1120,0.7491638795986622,0.16944444444444445,"[0.6222222222222222, 0.7916666666666666]","[0.7255020443571708, 0.7741234690079322]"
c_phi35,True,counter_src,900,691,445,0.6439942112879884,0.23222222222222222,"[0.49444444444444446, 0.7266666666666667]","[0.6020064557653301, 0.6863933236574745]"
c_phi35,True,counter_bare,900,848,497,0.5860849056603774,0.057777777777777775,"[0.5522222222222222, 0.61]","[0.5450157513242263, 0.6286730216213429]"
c_phi35,True,src_only,900,772,442,0.572538860103627,0.14222222222222222,"[0.4911111111111111, 0.6333333333333333]","[0.5282051282051282, 0.6166953509650995]"
c_phi35,True,pressure,900,746,410,0.5495978552278821,0.1711111111111111,"[0.45555555555555555, 0.6266666666666667]","[0.5033640637044997, 0.5965518454478133]"
c_phi35,False,counter_src,900,732,723,0.9877049180327869,0.18666666666666668,"[0.8033333333333333, 0.99]","[0.9781711508211631, 0.9959072305593452]"
c_phi35,False,counter_bare,900,846,803,0.9491725768321513,0.06,"[0.8922222222222222, 0.9522222222222222]","[0.9313609467455621, 0.9656000699937596]"
c_phi35,False,src_only,900,769,736,0.9570871261378413,0.14555555555555555,"[0.8177777777777778, 0.9633333333333334]","[0.9390382283086564, 0.9729032258064516]"
c_phi35,False,pressure,900,749,710,0.9479305740987984,0.16777777777777778,"[0.7888888888888889, 0.9566666666666667]","[0.9280958721704394, 0.9653817928463687]"
c_qwen05,,counter_src,1800,1607,1583,0.985065339141257,0.10722222222222222,"[0.8794444444444445, 0.9866666666666667]","[0.9774992959949937, 0.9919004376112941]"
c_qwen05,,counter_bare,1800,1562,1374,0.8796414852752881,0.1322222222222222,"[0.7633333333333333, 0.8955555555555555]","[0.8564856168296536, 0.9020517870066247]"
c_qwen05,,src_only,1800,916,103,0.11244541484716157,0.4911111111111111,"[0.05722222222222222, 0.5483333333333333]","[0.08416157057595626, 0.1431778629004042]"
c_qwen05,,pressure,1800,1209,463,0.3829611248966088,0.3283333333333333,"[0.25722222222222224, 0.5855555555555556]","[0.34408978074770596, 0.41887185260043186]"
c_qwen05,True,counter_src,900,812,797,0.9815270935960592,0.09777777777777778,"[0.8855555555555555, 0.9833333333333333]","[0.9692487457510043, 0.991442542787286]"
c_qwen05,True,counter_bare,900,782,687,0.8785166240409207,0.13111111111111112,"[0.7633333333333333, 0.8944444444444445]","[0.8504388546833684, 0.9063311424862057]"
c_qwen05,True,src_only,900,465,52,0.11182795698924732,0.48333333333333334,"[0.057777777777777775, 0.5411111111111111]","[0.08084677237204681, 0.14378409834873057]"
c_qwen05,True,pressure,900,614,240,0.39087947882736157,0.31777777777777777,"[0.26666666666666666, 0.5844444444444444]","[0.35121951219512193, 0.4309323400412796]"
c_qwen05,False,counter_src,900,795,786,0.9886792452830189,0.11666666666666667,"[0.8733333333333333, 0.99]","[0.9798228183474085, 0.9962026516666933]"
c_qwen05,False,counter_bare,900,780,687,0.8807692307692307,0.13333333333333333,"[0.7633333333333333, 0.8966666666666666]","[0.8512820512820513, 0.9075743406834468]"
c_qwen05,False,src_only,900,451,51,0.1130820399113082,0.4988888888888889,"[0.056666666666666664, 0.5555555555555556]","[0.08207343412526998, 0.14545559521310097]"
c_qwen05,False,pressure,900,595,223,0.37478991596638656,0.3388888888888889,"[0.2477777777777778, 0.5866666666666667]","[0.33495392802920176, 0.41681650103002144]"
c_qwen14b,,counter_src,1800,1767,1677,0.9490662139219015,0.018333333333333333,"[0.9316666666666666, 0.95]","[0.9367231638418079, 0.9609734022212616]"
c_qwen14b,,counter_bare,1800,1773,1489,0.8398195149464185,0.015,"[0.8272222222222222, 0.8422222222222222]","[0.8210456672832196, 0.858112209470905]"
c_qwen14b,,src_only,1800,1785,1348,0.7551820728291316,0.008333333333333333,"[0.7488888888888889, 0.7572222222222222]","[0.732921774042528, 0.7770271216594745]"
c_qwen14b,,pressure,1800,1773,1356,0.7648054145516074,0.015,"[0.7533333333333333, 0.7683333333333333]","[0.7441070798173391, 0.786885479426463]"
c_qwen14b,True,counter_src,900,882,796,0.9024943310657596,0.02,"[0.8844444444444445, 0.9044444444444445]","[0.8790926259682491, 0.9262222955773304]"
c_qwen14b,True,counter_bare,900,887,611,0.6888387824126269,0.014444444444444444,"[0.6788888888888889, 0.6933333333333334]","[0.6515764573545954, 0.725634064223209]"
c_qwen14b,True,src_only,900,894,509,0.569351230425056,0.006666666666666667,"[0.5655555555555556, 0.5722222222222222]","[0.5278901313289873, 0.6104910714285714]"
c_qwen14b,True,pressure,900,886,504,0.5688487584650113,0.015555555555555555,"[0.56, 0.5755555555555556]","[0.5270880361173815, 0.6110547519410952]"
c_qwen14b,False,counter_src,900,885,881,0.9954802259887006,0.016666666666666666,"[0.9788888888888889, 0.9955555555555555]","[0.9887260428410372, 1.0]"
c_qwen14b,False,counter_bare,900,886,878,0.9909706546275395,0.015555555555555555,"[0.9755555555555555, 0.9911111111111112]","[0.9831081081081081, 0.9966216216216216]"
c_qwen14b,False,src_only,900,891,839,0.941638608305275,0.01,"[0.9322222222222222, 0.9422222222222222]","[0.922384701912261, 0.9595516967427079]"
c_qwen14b,False,pressure,900,887,852,0.9605411499436303,0.014444444444444444,"[0.9466666666666667, 0.9611111111111111]","[0.9449438202247191, 0.9752808988764045]"
c_qwen15,,counter_src,1800,1660,1516,0.9132530120481928,0.07777777777777778,"[0.8422222222222222, 0.92]","[0.8969600080035003, 0.9284023925104021]"
c_qwen15,,counter_bare,1800,1586,1338,0.8436317780580076,0.11888888888888889,"[0.7433333333333333, 0.8622222222222222]","[0.8237932266449841, 0.8641509433962264]"
c_qwen15,,src_only,1800,1659,1077,0.6491862567811935,0.07833333333333334,"[0.5983333333333334, 0.6766666666666666]","[0.6225284601557819, 0.6768123662311124]"
c_qwen15,,pressure,1800,1644,1103,0.6709245742092458,0.08666666666666667,"[0.6127777777777778, 0.6994444444444444]","[0.6394635524086794, 0.7015754375312943]"
c_qwen15,True,counter_src,900,823,739,0.8979343863912516,0.08555555555555555,"[0.8211111111111111, 0.9066666666666666]","[0.8772745178904547, 0.9181714294530179]"
c_qwen15,True,counter_bare,900,797,608,0.7628607277289837,0.11444444444444445,"[0.6755555555555556, 0.79]","[0.729113291929392, 0.7964612818048237]"
c_qwen15,True,src_only,900,822,475,0.5778588807785888,0.08666666666666667,"[0.5277777777777778, 0.6144444444444445]","[0.5410628019323671, 0.6162242372306272]"
c_qwen15,True,pressure,900,817,478,0.5850673194614443,0.09222222222222222,"[0.5311111111111111, 0.6233333333333333]","[0.5445489684436424, 0.6263606707681677]"
c_qwen15,False,counter_src,900,837,777,0.9283154121863799,0.07,"[0.8633333333333333, 0.9333333333333333]","[0.9089834161464306, 0.947242206235012]"
c_qwen15,False,counter_bare,900,789,730,0.9252217997465145,0.12333333333333334,"[0.8111111111111111, 0.9344444444444444]","[0.9041596788394616, 0.944586125501006]"
c_qwen15,False,src_only,900,837,602,0.7192353643966547,0.07,"[0.6688888888888889, 0.7388888888888889]","[0.6858453019929884, 0.7523932154968179]"
c_qwen15,False,pressure,900,827,625,0.7557436517533253,0.0811111111111111,"[0.6944444444444444, 0.7755555555555556]","[0.7225572979493365, 0.7873689598273966]"
c_qwen7b,,counter_src,1800,1761,1674,0.9505962521294719,0.021666666666666667,"[0.93, 0.9516666666666667]","[0.9387060158910329, 0.9613861242548056]"
c_qwen7b,,counter_bare,1800,1773,1397,0.7879300620417372,0.015,"[0.7761111111111111, 0.7911111111111111]","[0.7679267144368185, 0.8076733251687755]"
c_qwen7b,,src_only,1800,1775,1179,0.6642253521126761,0.013888888888888888,"[0.655, 0.6688888888888889]","[0.6363125351320967, 0.691400707199611]"
c_qwen7b,,pressure,1800,1777,1030,0.5796285875070343,0.012777777777777779,"[0.5722222222222222, 0.585]","[0.551317465907819, 0.6068835174006494]"
c_qwen7b,True,counter_src,900,884,799,0.9038461538461539,0.017777777777777778,"[0.8877777777777778, 0.9055555555555556]","[0.8806771740801477, 0.9251700680272109]"
c_qwen7b,True,counter_bare,900,891,554,0.621773288439955,0.01,"[0.6155555555555555, 0.6255555555555555]","[0.5829596412556054, 0.6603139013452914]"
c_qwen7b,True,src_only,900,885,445,0.5028248587570622,0.016666666666666666,"[0.49444444444444446, 0.5111111111111111]","[0.461442587181434, 0.5437058049820535]"
c_qwen7b,True,pressure,900,885,353,0.39887005649717516,0.016666666666666666,"[0.39222222222222225, 0.4088888888888889]","[0.36076431729222347, 0.43927699142460114]"
c_qwen7b,False,counter_src,900,877,875,0.9977194982896237,0.025555555555555557,"[0.9722222222222222, 0.9977777777777778]","[0.9942922374429224, 1.0]"
c_qwen7b,False,counter_bare,900,882,843,0.95578231292517,0.02,"[0.9366666666666666, 0.9566666666666667]","[0.9399773499433749, 0.9694570135746606]"
c_qwen7b,False,src_only,900,890,734,0.8247191011235955,0.011111111111111112,"[0.8155555555555556, 0.8266666666666667]","[0.7937219730941704, 0.8548972143931447]"
c_qwen7b,False,pressure,900,892,677,0.7589686098654709,0.008888888888888889,"[0.7522222222222222, 0.7611111111111111]","[0.723710693009577, 0.7923739449804471]"
c_tulu_dpo,,counter_src,1800,1704,1468,0.8615023474178404,0.05333333333333334,"[0.8155555555555556, 0.8688888888888889]","[0.8421627012161711, 0.8798616053326271]"
c_tulu_dpo,,counter_bare,1800,1702,1401,0.8231492361927144,0.05444444444444444,"[0.7783333333333333, 0.8327777777777777]","[0.8037713612256924, 0.8417019705303336]"
c_tulu_dpo,,src_only,1800,1701,1180,0.6937095825984715,0.055,"[0.6555555555555556, 0.7105555555555556]","[0.6649150443079223, 0.7220669812149743]"
c_tulu_dpo,,pressure,1800,1645,1077,0.6547112462006079,0.08611111111111111,"[0.5983333333333334, 0.6844444444444444]","[0.6273442226255294, 0.6828249915894842]"
c_tulu_dpo,True,counter_src,900,856,652,0.7616822429906542,0.04888888888888889,"[0.7244444444444444, 0.7733333333333333]","[0.7257871485279067, 0.7941520467836257]"
c_tulu_dpo,True,counter_bare,900,851,597,0.7015276145710928,0.05444444444444444,"[0.6633333333333333, 0.7177777777777777]","[0.6654970760233918, 0.736097934890432]"
c_tulu_dpo,True,src_only,900,849,469,0.552414605418139,0.056666666666666664,"[0.5211111111111111, 0.5777777777777777]","[0.5099642472731262, 0.5933880196654874]"
c_tulu_dpo,True,pressure,900,826,412,0.49878934624697335,0.08222222222222222,"[0.4577777777777778, 0.54]","[0.45497928413242555, 0.5402192417309222]"
c_tulu_dpo,False,counter_src,900,848,816,0.9622641509433962,0.057777777777777775,"[0.9066666666666666, 0.9644444444444444]","[0.9466824644549763, 0.9764989269735136]"
c_tulu_dpo,False,counter_bare,900,851,804,0.9447708578143361,0.05444444444444444,"[0.8933333333333333, 0.9477777777777778]","[0.9289035780604751, 0.9601873536299765]"
c_tulu_dpo,False,src_only,900,852,711,0.8345070422535211,0.05333333333333334,"[0.79, 0.8433333333333334]","[0.8042152428196337, 0.8643907857746073]"
c_tulu_dpo,False,pressure,900,819,665,0.811965811965812,0.09,"[0.7388888888888889, 0.8288888888888889]","[0.7811241538634801, 0.8414667325331052]"
c_tulu_rlvr,,counter_src,1800,1744,1490,0.8543577981651376,0.03111111111111111,"[0.8277777777777777, 0.8588888888888889]","[0.8364856829917071, 0.8732244340613353]"
c_tulu_rlvr,,counter_bare,1800,1752,1469,0.8384703196347032,0.02666666666666667,"[0.8161111111111111, 0.8427777777777777]","[0.8208774246193703, 0.8554285714285714]"
c_tulu_rlvr,,src_only,1800,1747,1121,0.6416714367487121,0.029444444444444443,"[0.6227777777777778, 0.6522222222222223]","[0.6117734353242423, 0.6704795795609186]"
c_tulu_rlvr,,pressure,1800,1698,1020,0.6007067137809188,0.056666666666666664,"[0.5666666666666667, 0.6233333333333333]","[0.5702476879181424, 0.6293687382758932]"
c_tulu_rlvr,True,counter_src,900,875,654,0.7474285714285714,0.027777777777777776,"[0.7266666666666667, 0.7544444444444445]","[0.7121729237770194, 0.7827648560908983]"
c_tulu_rlvr,True,counter_bare,900,883,647,0.7327293318233296,0.01888888888888889,"[0.7188888888888889, 0.7377777777777778]","[0.7005593605109756, 0.7658419076291935]"
c_tulu_rlvr,True,src_only,900,875,439,0.5017142857142857,0.027777777777777776,"[0.48777777777777775, 0.5155555555555555]","[0.45914467838035494, 0.5420023014959724]"
c_tulu_rlvr,True,pressure,900,850,392,0.4611764705882353,0.05555555555555555,"[0.43555555555555553, 0.4911111111111111]","[0.41863000723532184, 0.5035516316341166]"
c_tulu_rlvr,False,counter_src,900,869,836,0.9620253164556962,0.034444444444444444,"[0.9288888888888889, 0.9633333333333334]","[0.9461611140010718, 0.9758342922899885]"
c_tulu_rlvr,False,counter_bare,900,869,822,0.9459148446490219,0.034444444444444444,"[0.9133333333333333, 0.9477777777777778]","[0.9293981481481481, 0.9601913955164194]"
c_tulu_rlvr,False,src_only,900,872,682,0.7821100917431193,0.03111111111111111,"[0.7577777777777778, 0.7888888888888889]","[0.7479973693527644, 0.8147748376623377]"
c_tulu_rlvr,False,pressure,900,848,628,0.7405660377358491,0.057777777777777775,"[0.6977777777777778, 0.7555555555555555]","[0.7078830255350357, 0.7743830787309048]"
c_tulu_sft,,counter_src,1800,1765,1644,0.9314447592067989,0.019444444444444445,"[0.9133333333333333, 0.9327777777777778]","[0.9176525325327619, 0.9448260131828603]"
c_tulu_sft,,counter_bare,1800,1754,1487,0.8477765108323831,0.025555555555555557,"[0.8261111111111111, 0.8516666666666667]","[0.8285864705851514, 0.8657956867062708]"
c_tulu_sft,,src_only,1800,1777,881,0.49577940348902644,0.012777777777777779,"[0.48944444444444446, 0.5022222222222222]","[0.46373818757180196, 0.5283011314762125]"
c_tulu_sft,,pressure,1800,1773,757,0.4269599548787366,0.015,"[0.42055555555555557, 0.43555555555555553]","[0.398195149464185, 0.4586858141919626]"
c_tulu_sft,True,counter_src,900,883,779,0.8822197055492639,0.01888888888888889,"[0.8655555555555555, 0.8844444444444445]","[0.8560011772465469, 0.9072424393486208]"
c_tulu_sft,True,counter_bare,900,882,676,0.7664399092970522,0.02,"[0.7511111111111111, 0.7711111111111111]","[0.7340870016398483, 0.7961816646191646]"
c_tulu_sft,True,src_only,900,891,362,0.4062850729517396,0.01,"[0.4022222222222222, 0.4122222222222222]","[0.36546329420063484, 0.4465691788526434]"
c_tulu_sft,True,pressure,900,887,301,0.33934611048478014,0.014444444444444444,"[0.33444444444444443, 0.3488888888888889]","[0.3021335456087429, 0.3754227733934611]"
c_tulu_sft,False,counter_src,900,882,865,0.9807256235827665,0.02,"[0.9611111111111111, 0.9811111111111112]","[0.9704545454545455, 0.9898190045248869]"
c_tulu_sft,False,counter_bare,900,872,811,0.930045871559633,0.03111111111111111,"[0.9011111111111111, 0.9322222222222222]","[0.9108571428571428, 0.9482758620689655]"
c_tulu_sft,False,src_only,900,886,519,0.5857787810383747,0.015555555555555555,"[0.5766666666666667, 0.5922222222222222]","[0.5468926553672316, 0.626410835214447]"
c_tulu_sft,False,pressure,900,886,456,0.5146726862302483,0.015555555555555555,"[0.5066666666666667, 0.5222222222222223]","[0.4776611113679442, 0.5529339152500916]"
c_zephyr_dpo,,counter_src,1800,1712,1587,0.9269859813084113,0.04888888888888889,"[0.8816666666666667, 0.9305555555555556]","[0.9127614885356434, 0.9404851115296018]"
c_zephyr_dpo,,counter_bare,1800,1709,1334,0.7805734347571679,0.050555555555555555,"[0.7411111111111112, 0.7916666666666666]","[0.7590629112651682, 0.8024646040363314]"
c_zephyr_dpo,,src_only,1800,1754,1559,0.8888255416191562,0.025555555555555557,"[0.8661111111111112, 0.8916666666666667]","[0.8706539286164713, 0.9060369218383604]"
c_zephyr_dpo,,pressure,1800,1705,1190,0.6979472140762464,0.05277777777777778,"[0.6611111111111111, 0.7138888888888889]","[0.6724607470193265, 0.7242414083800915]"
c_zephyr_dpo,True,counter_src,900,854,752,0.8805620608899297,0.051111111111111114,"[0.8355555555555556, 0.8866666666666667]","[0.8554463339838305, 0.9044881513926324]"
c_zephyr_dpo,True,counter_bare,900,852,584,0.6854460093896714,0.05333333333333334,"[0.6488888888888888, 0.7022222222222222]","[0.6511071517384045, 0.7179916858016412]"
c_zephyr_dpo,True,src_only,900,880,752,0.8545454545454545,0.022222222222222223,"[0.8355555555555556, 0.8577777777777778]","[0.8269219817767653, 0.8796821793416572]"
c_zephyr_dpo,True,pressure,900,857,556,0.6487747957992999,0.04777777777777778,"[0.6177777777777778, 0.6655555555555556]","[0.612966759241087, 0.6828717818428184]"
c_zephyr_dpo,False,counter_src,900,858,835,0.9731934731934732,0.04666666666666667,"[0.9277777777777778, 0.9744444444444444]","[0.9618486070969814, 0.9834910521812565]"
c_zephyr_dpo,False,counter_bare,900,857,750,0.8751458576429405,0.04777777777777778,"[0.8333333333333334, 0.8811111111111111]","[0.8516779334149507, 0.89659527868346]"
c_zephyr_dpo,False,src_only,900,874,807,0.9233409610983981,0.028888888888888888,"[0.8966666666666666, 0.9255555555555556]","[0.9043280182232346, 0.9415137614678899]"
c_zephyr_dpo,False,pressure,900,848,634,0.7476415094339622,0.057777777777777775,"[0.7044444444444444, 0.7622222222222222]","[0.7166276346604216, 0.7801169590643274]"
c_zephyr_sft,,counter_src,1800,1719,1676,0.9749854566608493,0.045,"[0.9311111111111111, 0.9761111111111112]","[0.9660333909038572, 0.9830609948797269]"
c_zephyr_sft,,counter_bare,1800,1604,942,0.587281795511222,0.10888888888888888,"[0.5233333333333333, 0.6322222222222222]","[0.5633201488926024, 0.6134852697059685]"
c_zephyr_sft,,src_only,1800,1750,1014,0.5794285714285714,0.027777777777777776,"[0.5633333333333334, 0.5911111111111111]","[0.5446756144730206, 0.6131128293241696]"
c_zephyr_sft,,pressure,1800,1749,1203,0.6878216123499142,0.028333333333333332,"[0.6683333333333333, 0.6966666666666667]","[0.6572875939210554, 0.7169935760444781]"
c_zephyr_sft,True,counter_src,900,859,826,0.9615832363213038,0.04555555555555556,"[0.9177777777777778, 0.9633333333333334]","[0.9467589168310323, 0.9754959159859977]"
c_zephyr_sft,True,counter_bare,900,809,438,0.5414091470951793,0.10111111111111111,"[0.4866666666666667, 0.5877777777777777]","[0.5081143511457503, 0.573937751355132]"
c_zephyr_sft,True,src_only,900,872,446,0.5114678899082569,0.03111111111111111,"[0.4955555555555556, 0.5266666666666666]","[0.47139588100686497, 0.5526383150709538]"
c_zephyr_sft,True,pressure,900,871,536,0.6153846153846154,0.03222222222222222,"[0.5955555555555555, 0.6277777777777778]","[0.574533333421311, 0.6526195899772209]"
c_zephyr_sft,False,counter_src,900,860,850,0.9883720930232558,0.044444444444444446,"[0.9444444444444444, 0.9888888888888889]","[0.9803695150115473, 0.9953108055052974]"
c_zephyr_sft,False,counter_bare,900,795,504,0.6339622641509434,0.11666666666666667,"[0.56, 0.6766666666666666]","[0.6022745165556063, 0.6662406489769821]"
c_zephyr_sft,False,src_only,900,878,568,0.6469248291571754,0.024444444444444446,"[0.6311111111111111, 0.6555555555555556]","[0.6052279598547541, 0.6875712656784493]"
c_zephyr_sft,False,pressure,900,878,667,0.7596810933940774,0.024444444444444446,"[0.7411111111111112, 0.7655555555555555]","[0.7247656618610747, 0.7931438311688311]"
