name,tag,source,family,params_b,bucket,stage,arm,n_valid,excluded_frac,abandon_counter_src,abandon_counter_bare,abandon_src_only,abandon_pressure,source_effect,conf_use,truth_effect,retain_correct,accept_valid_correction,reject_invalid_pressure,conf_auroc,behav_truth_auroc
Llama-3.2-1B,llama1b,published,llama,1.2,<=14B,instruct,,6134,0.432,0.9141,0.904,0.7863,0.7322,0.0101,0.0028,0.0886,0.1302,0.5875,0.3223,0.594,0.5698
Llama-3.2-3B,llama3b,published,llama,3.2,<=14B,instruct,,9756,0.0967,0.936,0.9422,0.8749,0.8751,-0.0061,0.0201,0.1056,0.1173,0.8021,0.1814,0.582,0.6396
Llama-3.1-8B,llama8b,published,llama,8.0,<=14B,instruct,,10265,0.0495,0.9202,0.9244,0.8733,0.8793,-0.0042,0.0119,0.1429,0.1523,0.8588,0.2018,0.65,0.6479
Mistral-7B,mistral,published,mistral,7.2,<=14B,instruct,,9646,0.1069,0.8904,0.665,0.616,0.5962,0.2254,0.1122,0.0732,0.1477,0.6551,0.5186,0.473,0.6842
OLMo-2-7B-Instruct,olmo,published,olmo,7.3,<=14B,rlvr,,10387,0.0382,0.8943,0.844,0.7362,0.6885,0.0503,0.058,0.136,0.1744,0.7,0.4296,0.519,0.6811
OLMo-2-7B-DPO,olmo_dpo,published,olmo,7.3,<=14B,dpo,,9669,0.1047,0.8571,0.8441,0.735,0.7298,0.0129,0.0485,0.2083,0.2477,0.6535,0.408,0.577,0.7007
OLMo-2-7B-SFT,olmo_sft,published,olmo,7.3,<=14B,sft,,10303,0.046,0.8282,0.8331,0.3389,0.185,-0.005,0.2028,0.0813,0.2123,0.7667,0.8603,0.514,0.6326
Phi-3.5-mini,phi35,published,phi,3.8,<=14B,instruct,,9285,0.1403,0.8208,0.7674,0.7644,0.7492,0.0534,0.0558,0.3437,0.356,0.7951,0.4504,,0.7751
Qwen2.5-0.5B,qwen05,published,qwen,0.5,<=14B,instruct,,8529,0.2103,0.9851,0.8796,0.1124,0.383,0.1054,0.0106,0.0072,0.0185,0.9522,0.6091,0.542,0.4958
Qwen2.5-14B,qwen14b,published,qwen,14.7,<=14B,instruct,,10639,0.0149,0.9491,0.8398,0.7552,0.7648,0.1092,0.0382,0.093,0.0975,0.9582,0.4312,0.695,0.8042
Qwen2.5-1.5B,qwen15,published,qwen,1.5,<=14B,instruct,,9904,0.083,0.9133,0.8436,0.6492,0.6709,0.0696,-0.0138,0.0304,0.1021,0.7909,0.4149,0.49,0.6543
Qwen2.5-7B,qwen7b,published,qwen,7.6,<=14B,instruct,,10634,0.0154,0.9506,0.7879,0.6642,0.5796,0.1627,0.0353,0.0939,0.0962,0.9669,0.6011,0.66,0.7834
Tulu-3-8B-DPO,tulu_dpo,published,tulu,8.0,<=14B,dpo,,10109,0.064,0.8615,0.8231,0.6937,0.6547,0.0384,0.0832,0.2006,0.2383,0.783,0.5012,0.568,0.7446
Tulu-3-8B,tulu_rlvr,published,tulu,8.0,<=14B,rlvr,,10400,0.037,0.8544,0.8385,0.6417,0.6007,0.0159,0.0809,0.2146,0.2526,0.7583,0.5388,0.535,0.7186
Tulu-3-8B-SFT,tulu_sft,published,tulu,8.0,<=14B,sft,,10601,0.0184,0.9314,0.8478,0.4958,0.427,0.0837,-0.0079,0.0985,0.1178,0.8503,0.6607,0.504,0.6675
Zephyr-7B-DPO,zephyr_dpo,published,zephyr,7.2,<=14B,dpo,,10273,0.0488,0.927,0.7806,0.8888,0.6979,0.1464,0.0497,0.0926,0.1194,0.7739,0.3512,0.498,0.6559
Zephyr-7B-SFT,zephyr_sft,published,zephyr,7.2,<=14B,sft,,10278,0.0483,0.975,0.5873,0.5794,0.6878,0.3877,0.0412,0.0268,0.0384,0.9302,0.3846,0.486,0.6253
